
---- for patient table 

INSERT INTO patient (patient_name, Gender, Date_of_birth, phone_Number, Email, Address) VALUES
    ('Rahul Sharma', 'Male', '1988-03-12', '9876543210', 'rahul.sharma@gmail.com', 'C-101, Lajpat Nagar, New Delhi'),
    ('Priya Mehta', 'Female', '1992-07-25', '9812345678', 'priya.mehta@yahoo.in', '12, MG Road, Bengaluru'),
    ('Aman Verma', 'Male', '1979-11-08', '9988776655', 'aman.verma@rediffmail.com', 'B-14, Koregaon Park, Pune'),
    ('Sneha Reddy', 'Female', '1985-01-19', '9123456780', 'sneha.reddy@gmail.com', '45, Jubilee Hills, Hyderabad'),
    ('Vikram Singh', 'Male', '1983-09-15', '9001234567', 'vikram.singh@gmail.com', '23, Sector 17, Chandigarh'),
    ('Anjali Gupta', 'Female', '1990-04-22', '9012345678', 'anjali.gupta@yahoo.com', 'A-12, Vasant Kunj, New Delhi'),
    ('Rohit Patel', 'Male', '1987-12-30', '9023456789', 'rohit.patel@gmail.com', '15, Ellisbridge, Ahmedabad'),
    ('Kavita Joshi', 'Female', '1995-06-10', '9034567890', 'kavita.joshi@rediffmail.com', 'B-204, Banjara Hills, Hyderabad'),
    ('Arjun Nair', 'Male', '1980-02-14', '9045678901', 'arjun.nair@gmail.com', '32, Kalyani Nagar, Pune'),
    ('Pooja Desai', 'Female', '1993-10-05', '9056789012', 'pooja.desai@yahoo.in', '10, Koramangala, Bengaluru'),
    ('Sanjay Kumar', 'Male', '1978-08-19', '9067890123', 'sanjay.kumar@gmail.com', 'C-45, Malviya Nagar, Jaipur'),
    ('Neha Kapoor', 'Female', '1989-03-27', '9078901234', 'neha.kapoor@gmail.com', '12, DLF Phase 2, Gurgaon'),
    ('Aditya Rao', 'Male', '1984-11-11', '9089012345', 'aditya.rao@yahoo.com', 'B-33, Anna Nagar, Chennai'),
    ('Ritu Sharma', 'Female', '1991-05-17', '9090123456', 'ritu.sharma@rediffmail.com', '56, Sector 18, Noida'),
    ('Karan Malhotra', 'Male', '1982-07-09', '9101234567', 'karan.malhotra@gmail.com', 'A-9, Salt Lake, Kolkata'),
    ('Meera Iyer', 'Female', '1994-12-25', '9112345678', 'meera.iyer@yahoo.in', '24, Adyar, Chennai'),
    ('Nikhil Yadav', 'Male', '1986-01-30', '9701234567', 'nikhil.yadav@gmail.com', 'C-22, Indiranagar, Lucknow'),
    ('Shalini Pillai', 'Female', '1988-09-12', '9712345678', 'shalini.pillai@gmail.com', '15, Boat Club Road, Pune'),
    ('Ravi Thakur', 'Male', '1975-04-08', '9723456789', 'ravi.thakur@yahoo.com', 'B-17, Civil Lines, Kanpur'),
    ('Divya Menon', 'Female', '1990-02-28', '9734567890', 'divya.menon@gmail.com', '32, Alwarpet, Chennai'),
    ('Siddharth Jain', 'Male', '1983-06-15', '9745678901', 'siddharth.jain@rediffmail.com', 'A-101, Sarojini Nagar, New Delhi'),
    ('Aarti Saxena', 'Female', '1992-11-20', '9756789012', 'aarti.saxena@yahoo.in', '45, Sector 15, Faridabad'),
    ('Vivek Chawla', 'Male', '1981-08-03', '9767890123', 'vivek.chawla@gmail.com', '12, Model Town, Ludhiana'),
    ('Tanvi Arora', 'Female', '1987-03-14', '9778901234', 'tanvi.arora@gmail.com', 'B-56, Greater Kailash, New Delhi'),
    ('Rakesh Mishra', 'Male', '1979-10-22', '9789012345', 'rakesh.mishra@yahoo.com', '23, Gomti Nagar, Lucknow'),
    ('Swati Kulkarni', 'Female', '1995-07-07', '9790123456', 'swati.kulkarni@gmail.com', 'C-33, Aundh, Pune'),
    ('Manish Aggarwal', 'Male', '1984-04-19', '9801234567', 'manish.aggarwal@rediffmail.com', '15, Sector 22, Gurgaon'),
    ('Lakshmi Nair', 'Female', '1990-01-12', '9813456789', 'lakshmi.nair@yahoo.in', '24, T Nagar, Chennai'),
    ('Prateek Gupta', 'Male', '1982-12-05', '9824567890', 'prateek.gupta@gmail.com', 'B-12, Viman Nagar, Pune'),
    ('Shruti Bhatt', 'Female', '1988-06-18', '9835678901', 'shruti.bhatt@gmail.com', 'A-45, Rajouri Garden, New Delhi'),
    ('Akash Singh', 'Male', '1985-09-25', '9846789012', 'akash.singh@yahoo.com', '32, Sector 44, Noida'),
    ('Nandini Roy', 'Female', '1993-03-10', '9857890123', 'nandini.roy@gmail.com', '10, Park Street, Kolkata'),
    ('Rohini Das', 'Female', '1989-11-15', '9868901234', 'rohini.das@rediffmail.com', 'C-22, Ballygunge, Kolkata'),
    ('Vijay Kapoor', 'Male', '1977-05-20', '9879012345', 'vijay.kapoor@gmail.com', 'B-101, Andheri West, Mumbai'),
    ('Anita Rani', 'Female', '1991-08-30', '9880123456', 'anita.rani@yahoo.in', '15, Sector 7, Chandigarh'),
    ('Kunal Mehra', 'Male', '1986-02-14', '9891234567', 'kunal.mehra@gmail.com', 'A-33, Malad West, Mumbai'),
    ('Preeti Saini', 'Female', '1994-10-10', '9902345678', 'preeti.saini@gmail.com', '24, Sector 29, Faridabad'),
    ('Suresh Yadav', 'Male', '1980-07-22', '9913456789', 'suresh.yadav@yahoo.com', 'C-12, Vaishali Nagar, Jaipur'),
    ('Madhuri Sen', 'Female', '1987-12-01', '9924567890', 'madhuri.sen@gmail.com', 'B-45, Salt Lake, Kolkata'),
    ('Deepak Raj', 'Male', '1983-04-17', '9935678901', 'deepak.raj@rediffmail.com', '32, Sector 18, Gurgaon'),
    ('Riya Malhotra', 'Female', '1990-09-09', '9946789012', 'riya.malhotra@yahoo.in', 'A-22, Koramangala, Bengaluru'),
    ('Abhishek Bose', 'Male', '1985-06-25', '9957890123', 'abhishek.bose@gmail.com', '15, Park Circus, Kolkata'),
    ('Suman Patil', 'Female', '1992-01-30', '9968901234', 'suman.patil@gmail.com', 'B-33, Baner, Pune'),
    ('Gaurav Thakur', 'Male', '1978-11-12', '9979012345', 'gaurav.thakur@yahoo.com', 'C-101, Vasant Vihar, New Delhi'),
    ('Komal Sharma', 'Female', '1989-05-15', '9980123456', 'komal.sharma@gmail.com', '12, Sector 62, Noida'),
    ('Naveen Kumar', 'Male', '1984-03-27', '9991234567', 'naveen.kumar@rediffmail.com', 'A-45, Adyar, Chennai'),
    ('Shivani Gupta', 'Female', '1991-10-20', '9002345678', 'shivani.gupta@yahoo.in', '23, Malviya Nagar, New Delhi'),
    ('Rahul Nair', 'Male', '1986-08-14', '9013456789', 'rahul.nair@gmail.com', 'B-12, Kalyani Nagar, Pune'),
    ('Anu Thomas', 'Female', '1993-04-05', '9024567890', 'anu.thomas@gmail.com', '32, Anna Nagar, Chennai'),
    ('Sachin Verma', 'Male', '1981-12-18', '9035678901', 'sachin.verma@yahoo.com', 'C-22, Sector 15, Gurgaon'),
    ('Priyanka Das', 'Female', '1988-07-22', '9046789012', 'priyanka.das@gmail.com', '15, Ballygunge, Kolkata'),
    ('Vishal Shah', 'Male', '1983-02-10', '9057890123', 'vishal.shah@rediffmail.com', 'A-33, Navrangpura, Ahmedabad'),
    ('Reena Patel', 'Female', '1990-11-25', '9068901234', 'reena.patel@yahoo.in', 'B-45, Andheri East, Mumbai'),
    ('Ajay Menon', 'Male', '1979-06-30', '9079012345', 'ajay.menon@gmail.com', '24, Sector 17, Chandigarh'),
    ('Nisha Kulkarni', 'Female', '1994-09-15', '9080123456', 'nisha.kulkarni@gmail.com', 'C-101, Koregaon Park, Pune'),
    ('Raman Iyer', 'Male', '1985-01-12', '9091234567', 'raman.iyer@yahoo.com', '12, T Nagar, Chennai'),
    ('Sonali Jain', 'Female', '1992-03-27', '9102345678', 'sonali.jain@gmail.com', 'B-22, Vasant Kunj, New Delhi'),
    ('Harish Gupta', 'Male', '1980-10-10', '9113456789', 'harish.gupta@rediffmail.com', 'A-45, Gomti Nagar, Lucknow'),
    ('Tara Singh', 'Female', '1987-05-05', '9704567890', 'tara.singh@yahoo.in', '32, Sector 44, Noida'),
    ('Manoj Kumar', 'Male', '1984-12-20', '9715678901', 'manoj.kumar@gmail.com', '15, Malad West, Mumbai'),
    ('Rekha Sharma', 'Female', '1991-08-14', '9726789012', 'rekha.sharma@gmail.com', 'C-33, Rajouri Garden, New Delhi'),
    ('Saurabh Roy', 'Male', '1978-04-30', '9737890123', 'saurabh.roy@yahoo.com', 'B-12, Park Street, Kolkata'),
    ('Ankita Bose', 'Female', '1993-11-10', '9748901234', 'ankita.bose@gmail.com', '24, Baner, Pune'),
    ('Rohit Yadav', 'Male', '1986-07-22', '9759012345', 'rohit.yadav@rediffmail.com', 'A-101, Sector 18, Gurgaon'),
    ('Pallavi Nair', 'Female', '1989-02-15', '9760123456', 'pallavi.nair@yahoo.in', '45, Adyar, Chennai'),
    ('Vinod Patel', 'Male', '1982-09-30', '9771234567', 'vinod.patel@gmail.com', 'B-22, Ellisbridge, Ahmedabad'),
    ('Shweta Rao', 'Female', '1990-06-12', '9782345678', 'shweta.rao@gmail.com', 'C-45, Jubilee Hills, Hyderabad'),
    ('Arun Sharma', 'Male', '1985-01-25', '9793456789', 'arun.sharma@yahoo.com', '12, Sector 15, Faridabad'),
    ('Megha Gupta', 'Female', '1992-10-05', '9804567890', 'megha.gupta@gmail.com', '32, Viman Nagar, Pune'),
    ('Kiran Malhotra', 'Male', '1979-03-17', '9815678901', 'kiran.malhotra@rediffmail.com', 'A-33, Salt Lake, Kolkata'),
    ('Smita Iyer', 'Female', '1988-12-20', '9826789012', 'smita.iyer@yahoo.in', 'B-101, Koramangala, Bengaluru'),
    ('Raju Singh', 'Male', '1983-07-14', '9837890123', 'raju.singh@gmail.com', '15, Civil Lines, Kanpur'),
    ('Ananya Das', 'Female', '1990-04-30', '9848901234', 'ananya.das@gmail.com', 'C-22, Ballygunge, Kolkata'),
    ('Vikas Jain', 'Male', '1986-11-12', '9859012345', 'vikas.jain@yahoo.com', '24, Sector 62, Noida'),
    ('Neeta Sharma', 'Female', '1993-08-25', '9860123456', 'neeta.sharma@gmail.com', 'B-45, Vasant Vihar, New Delhi'),
    ('Rohit Nair', 'Male', '1981-05-10', '9871234567', 'rohit.nair@rediffmail.com', '32, Koregaon Park, Pune'),
    ('Shalini Roy', 'Female', '1989-02-15', '9882345678', 'shalini.roy@yahoo.in', 'A-33, Anna Nagar, Chennai'),
    ('Amit Patel', 'Male', '1984-09-30', '9893456789', 'amit.patel@gmail.com', 'C-101, Navrangpura, Ahmedabad'),
    ('Poonam Yadav', 'Female', '1991-06-22', '9904567890', 'poonam.yadav@gmail.com', '15, Sector 29, Faridabad'),
    ('Sanjay Menon', 'Male', '1978-12-05', '9915678901', 'sanjay.menon@yahoo.com', 'B-22, Malviya Nagar, Jaipur'),
    ('Rina Gupta', 'Female', '1990-03-17', '9926789012', 'rina.gupta@gmail.com', 'A-45, Andheri West, Mumbai'),
    ('Vivek Sharma', 'Male', '1985-10-10', '9937890123', 'vivek.sharma@rediffmail.com', '24, Sector 18, Gurgaon'),
    ('Kavya Nair', 'Female', '1992-07-25', '9948901234', 'kavya.nair@yahoo.in', 'C-33, T Nagar, Chennai'),
    ('Rakesh Kumar', 'Male', '1980-04-12', '9959012345', 'rakesh.kumar@gmail.com', 'B-12, Gomti Nagar, Lucknow'),
    ('Sneha Patel', 'Female', '1988-11-20', '9960123456', 'sneha.patel@gmail.com', '15, Baner, Pune'),
    ('Arjun Roy', 'Male', '1983-08-15', '9971234567', 'arjun.roy@yahoo.com', 'A-101, Park Street, Kolkata'),
    ('Priya Singh', 'Female', '1990-05-30', '9982345678', 'priya.singh@gmail.com', '32, Sector 44, Noida'),
    ('Vikram Yadav', 'Male', '1986-02-14', '9993456789', 'vikram.yadav@rediffmail.com', 'C-22, Vasant Kunj, New Delhi'),
    ('Anjali Nair', 'Female', '1993-09-10', '9004567890', 'anjali.nair@yahoo.in', 'B-45, Koramangala, Bengaluru'),
    ('Suresh Gupta', 'Male', '1979-06-25', '9015678901', 'suresh.gupta@gmail.com', '24, Malad West, Mumbai'),
    ('Ritu Patel', 'Female', '1987-01-12', '9026789012', 'ritu.patel@gmail.com', 'A-33, Sector 17, Chandigarh'),
    ('Karan Sharma', 'Male', '1984-10-05', '9037890123', 'karan.sharma@yahoo.com', '15, Adyar, Chennai'),
    ('Meera Yadav', 'Female', '1991-07-20', '9048901234', 'meera.yadav@gmail.com', 'C-101, Banjara Hills, Hyderabad'),
    ('Nikhil Roy', 'Male', '1982-04-15', '9059012345', 'nikhil.roy@rediffmail.com', 'B-22, Sector 15, Gurgaon'),
    ('Shalini Menon', 'Female', '1989-11-30', '9060123456', 'shalini.menon@yahoo.in', '32, Ballygunge, Kolkata'),
    ('Ravi Kumar', 'Male', '1985-08-14', '9071234567', 'ravi.kumar@gmail.com', 'A-45, Viman Nagar, Pune'),
    ('Divya Sharma', 'Female', '1992-03-27', '9082345678', 'divya.sharma@gmail.com', '24, Sector 62, Noida'),
    ('Siddharth Patel', 'Male', '1980-12-10', '9093456789', 'siddharth.patel@yahoo.com', 'C-33, Navrangpura, Ahmedabad')

select*from patient


--- for doctor table

INSERT INTO Doctors (Doctor_name, department, specialization, dr_phone_Number, Doctor_email) VALUES
('Dr. Anjali Nair', 'General Medicine', 'Physician', '9090909090', 'anjali.nair@apollohospitals.com'),
('Dr. Rajeev Menon', 'Orthopedics', 'Orthopedic Surgeon', '8888888888', 'rajeev.menon@fortis.in'),
('Dr. Kavita Gupta', 'Dermatology', 'Dermatologist', '7777777777', 'kavita.gupta@maxhealthcare.in'),
('Dr. Vikram Sharma', 'Cardiology', 'Cardiologist', '9001001001', 'vikram.sharma@apollohospitals.com'),
('Dr. Priya Desai', 'Pediatrics', 'Pediatrician', '9002002002', 'priya.desai@fortis.in'),
('Dr. Sanjay Patel', 'Neurology', 'Neurologist', '9003003003', 'sanjay.patel@maxhealthcare.in'),
('Dr. Neha Kapoor', 'Gynecology', 'Gynecologist', '9004004004', 'neha.kapoor@apollohospitals.com'),
('Dr. Arjun Rao', 'Oncology', 'Oncologist', '9005005005', 'arjun.rao@fortis.in'),
('Dr. Pooja Iyer', 'Endocrinology', 'Endocrinologist', '9006006006', 'pooja.iyer@maxhealthcare.in'),
('Dr. Rohit Yadav', 'Gastroenterology', 'Gastroenterologist', '9007007007', 'rohit.yadav@apollohospitals.com'),
('Dr. Shalini Pillai', 'Ophthalmology', 'Ophthalmologist', '9008008008', 'shalini.pillai@fortis.in'),
('Dr. Nikhil Jain', 'Urology', 'Urologist', '9009009009', 'nikhil.jain@maxhealthcare.in'),
('Dr. Aarti Singh', 'Psychiatry', 'Psychiatrist', '9010001000', 'aarti.singh@apollohospitals.com'),
('Dr. Vivek Kumar', 'Nephrology', 'Nephrologist', '9011001101', 'vivek.kumar@fortis.in'),
('Dr. Tanvi Arora', 'Pulmonology', 'Pulmonologist', '9012001202', 'tanvi.arora@maxhealthcare.in'),
('Dr. Rakesh Mishra', 'General Surgery', 'General Surgeon', '9013001303', 'rakesh.mishra@apollohospitals.com'),
('Dr. Swati Kulkarni', 'ENT', 'ENT Specialist', '9014001404', 'swati.kulkarni@fortis.in'),
('Dr. Manish Aggarwal', 'Cardiothoracic Surgery', 'Cardiothoracic Surgeon', '9015001505', 'manish.aggarwal@maxhealthcare.in'),
('Dr. Lakshmi Nair', 'Rheumatology', 'Rheumatologist', '9016001606', 'lakshmi.nair@apollohospitals.com'),
('Dr. Prateek Gupta', 'Orthopedics', 'Orthopedic Surgeon', '9017001707', 'prateek.gupta@fortis.in'),
('Dr. Shruti Bhatt', 'Dermatology', 'Dermatologist', '9018001808', 'shruti.bhatt@maxhealthcare.in'),
('Dr. Akash Singh', 'Neurology', 'Neurologist', '9019001909', 'akash.singh@apollohospitals.com'),
('Dr. Nandini Roy', 'Pediatrics', 'Pediatrician', '9020002000', 'nandini.roy@fortis.in'),
('Dr. Rohini Das', 'Gynecology', 'Gynecologist', '9021002101', 'rohini.das@maxhealthcare.in'),
('Dr. Vijay Kapoor', 'Cardiology', 'Cardiologist', '9022002202', 'vijay.kapoor@apollohospitals.com'),
('Dr. Anita Rani', 'Oncology', 'Oncologist', '9023002303', 'anita.rani@fortis.in'),
('Dr. Kunal Mehra', 'Gastroenterology', 'Gastroenterologist', '9024002404', 'kunal.mehra@maxhealthcare.in'),
('Dr. Preeti Saini', 'Ophthalmology', 'Ophthalmologist', '9025002505', 'preeti.saini@apollohospitals.com'),
('Dr. Suresh Yadav', 'Urology', 'Urologist', '9026002606', 'suresh.yadav@fortis.in'),
('Dr. Madhuri Sen', 'Psychiatry', 'Psychiatrist', '9027002707', 'madhuri.sen@maxhealthcare.in'),
('Dr. Deepak Raj', 'Nephrology', 'Nephrologist', '9028002808', 'deepak.raj@apollohospitals.com'),
('Dr. Riya Malhotra', 'Pulmonology', 'Pulmonologist', '9029002909', 'riya.malhotra@fortis.in'),
('Dr. Abhishek Bose', 'General Surgery', 'General Surgeon', '9030003000', 'abhishek.bose@maxhealthcare.in'),
('Dr. Suman Patil', 'ENT', 'ENT Specialist', '9031003101', 'suman.patil@apollohospitals.com'),
('Dr. Gaurav Thakur', 'Cardiothoracic Surgery', 'Cardiothoracic Surgeon', '9032003202', 'gaurav.thakur@fortis.in'),
('Dr. Komal Sharma', 'Rheumatology', 'Rheumatologist', '9033003303', 'komal.sharma@maxhealthcare.in'),
('Dr. Naveen Kumar', 'General Medicine', 'Physician', '9034003404', 'naveen.kumar@apollohospitals.com'),
('Dr. Shivani Gupta', 'Dermatology', 'Dermatologist', '9035003505', 'shivani.gupta@fortis.in'),
('Dr. Rahul Nair', 'Orthopedics', 'Orthopedic Surgeon', '9036003606', 'rahul.nair@maxhealthcare.in'),
('Dr. Anu Thomas', 'Pediatrics', 'Pediatrician', '9037003707', 'anu.thomas@apollohospitals.com'),
('Dr. Sachin Verma', 'Neurology', 'Neurologist', '9038003808', 'sachin.verma@fortis.in'),
('Dr. Priyanka Das', 'Gynecology', 'Gynecologist', '9039003909', 'priyanka.das@maxhealthcare.in'),
('Dr. Vishal Shah', 'Oncology', 'Oncologist', '9040004000', 'vishal.shah@apollohospitals.com'),
('Dr. Reena Patel', 'Endocrinology', 'Endocrinologist', '9041004101', 'reena.patel@fortis.in'),
('Dr. Ajay Menon', 'Cardiology', 'Cardiologist', '9042004202', 'ajay.menon@maxhealthcare.in'),
('Dr. Nisha Kulkarni', 'Ophthalmology', 'Ophthalmologist', '9043004303', 'nisha.kulkarni@apollohospitals.com'),
('Dr. Raman Iyer', 'Urology', 'Urologist', '9044004404', 'raman.iyer@fortis.in'),
('Dr. Sonali Jain', 'Psychiatry', 'Psychiatrist', '9045004505', 'sonali.jain@maxhealthcare.in'),
('Dr. Harish Gupta', 'Nephrology', 'Nephrologist', '9046004606', 'harish.gupta@apollohospitals.com'),
('Dr. Tara Singh', 'Pulmonology', 'Pulmonologist', '9047004707', 'tara.singh@fortis.in'),
('Dr. Manoj Kumar', 'General Surgery', 'General Surgeon', '9048004808', 'manoj.kumar@maxhealthcare.in');

select* from Doctors

--appointment table 

INSERT INTO Appointments (patient_id, Doctor_id, Appointments_status, Appointment_date, Reason, Notes) VALUES
(1, 1, 'Scheduled', '2025-06-15', 'Routine check-up', 'Patient requested morning appointment.'),
(2, 2, 'Completed', '2025-06-01', 'Fever and cough', 'Prescribed antibiotics and rest.'),
(3, 3, 'Canceled', '2025-06-10', 'Headache', 'Patient called to cancel due to improved symptoms.'),
(4, 4, 'No-Show', '2025-06-05', 'Follow-up for blood pressure', 'Attempted to contact patient, no response.'),
(5, 5, 'Rescheduled', '2025-06-20', 'Dental cleaning', 'Originally scheduled for 2025-06-12, moved due to doctor unavailability.'),
(6, 6, 'Scheduled', '2025-06-22', 'Consultation for minor injury', NULL),
(7, 7, 'Completed', '2025-05-28', 'Vaccination', 'Patient tolerated vaccine well.'),
(8, 8, 'Scheduled', '2025-07-01', 'Annual physical', 'Reminded patient to fast for 8 hours.'),
(9, 9, 'Completed', '2025-06-03', 'Tooth extraction', 'Procedure completed successfully.'),
(10, 10, 'Canceled', '2025-06-18', 'Skin rash', 'Patient reported rash cleared up.'),
(11, 11, 'Scheduled', '2025-06-25', 'Post-illness check', 'Follow-up on previous fever and cough.'),
(12, 12, 'No-Show', '2025-06-07', 'Diabetes management review', 'No contact from patient.'),
(13, 13, 'Rescheduled', '2025-07-05', 'Root canal', 'Rescheduled from 2025-06-20 due to patient conflict.'),
(14, 14, 'Scheduled', '2025-07-10', 'Allergy testing', 'Advised patient to avoid antihistamines prior to appointment.'),
(15, 15, 'Completed', '2025-05-30', 'Prescription refill', 'Refilled medication for chronic condition.'),
(16, 16, 'Scheduled', '2025-06-20', 'Annual physical', 'Patient needs fasting instructions.'),
(17, 17, 'Completed', '2025-06-02', 'Vaccination booster', 'No adverse reactions reported.'),
(18, 18, 'Canceled', '2025-06-11', 'Dental emergency', 'Patient re-scheduled with another clinic.'),
(19, 19, 'No-Show', '2025-06-06', 'Orthopedic consultation', 'Left voicemail, no return call.'),
(20, 20, 'Rescheduled', '2025-06-28', 'Eye exam', 'Original appointment 2025-06-14, changed due to patient availability.'),
(21, 21, 'Scheduled', '2025-06-23', 'Pediatric check-up', 'Child has mild fever.'),
(22, 22, 'Completed', '2025-06-03', 'Prescription renewal', 'Medication refilled for 3 months.'),
(23, 23, 'Scheduled', '2025-07-02', 'Dermatology follow-up', 'To check progress of skin condition.'),
(24, 24, 'Completed', '2025-06-04', 'Surgical consultation', 'Discussed pre-op instructions.'),
(25, 25, 'Canceled', '2025-06-19', 'Cardiology appointment', 'Patient condition improved.'),
(26, 26, 'Scheduled', '2025-06-26', 'Physical therapy session', 'First session post-injury.'),
(27, 27, 'No-Show', '2025-06-08', 'ENT specialist visit', 'No contact from patient.'),
(28, 28, 'Rescheduled', '2025-07-06', 'Ultrasound scan', 'Rescheduled from 2025-06-21 due to equipment maintenance.'),
(29, 29, 'Scheduled', '2025-07-11', 'Dietary consultation', 'Patient interested in weight management.'),
(30, 30, 'Completed', '2025-06-05', 'Chiropractic adjustment', 'Patient reported reduced back pain.'),
(31, 31, 'Scheduled', '2025-06-17', 'Follow-up for chronic pain', 'Patient reporting varied pain levels.'),
(32, 32, 'Completed', '2025-06-07', 'Flu shot', 'Administered without issues.'),
(33, 33, 'Canceled', '2025-06-13', 'Allergy consultation', 'Patient rescheduled for next month.'),
(34, 34, 'No-Show', '2025-06-09', 'Migraine management', 'No communication from patient.'),
(35, 35, 'Rescheduled', '2025-07-03', 'Podiatry check-up', 'Original 2025-06-16, moved due to doctor travel.'),
(36, 36, 'Scheduled', '2025-06-24', 'Sleep study consultation', 'Discussed initial findings.'),
(37, 37, 'Completed', '2025-06-08', 'Vaccination for travel', 'Provided international certificate.'),
(38, 38, 'Scheduled', '2025-07-04', 'Thyroid re-evaluation', 'Patient to bring latest blood tests.'),
(39, 39, 'Completed', '2025-06-09', 'Speech therapy session', 'Patient showed good progress.'),
(40, 40, 'Canceled', '2025-06-14', 'Dietician review', 'Patient went on vacation.'),
(41, 41, 'Scheduled', '2025-06-27', 'Physiotherapy for knee', 'First session post-surgery.'),
(42, 42, 'No-Show', '2025-06-10', 'Mental health follow-up', 'Emergency contact unreachable.'),
(43, 43, 'Rescheduled', '2025-07-07', 'Diabetes education class', 'Moved from 2025-06-22 due to class size.'),
(44, 44, 'Scheduled', '2025-07-12', 'Hearing test', 'Patient complaints of reduced hearing.'),
(45, 45, 'Completed', '2025-06-11', 'Blood test results review', 'Results were normal.'),
(46, 46, 'Scheduled', '2025-06-19', 'Routine dental cleaning', NULL),
(47, 47, 'Completed', '2025-06-12', 'Post-op checkup', 'Wound healing well.'),
(48, 48, 'Canceled', '2025-06-20', 'Nutritionist appointment', 'Patient reported feeling better.'),
(49, 49, 'No-Show', '2025-06-13', 'Annual eye exam', 'Patient forgot the appointment.'),
(50, 50, 'Rescheduled', '2025-07-08', 'Immunology consult', 'Moved from 2025-06-24 due to doctor conflict.'),
(51, 51, 'Scheduled', '2025-07-13', 'Geriatric assessment', 'Family member will accompany.'),
(52, 1, 'Completed', '2025-06-14', 'Ear infection check', 'Prescribed ear drops.'),
(53, 2, 'Scheduled', '2025-06-21', 'Pediatric vaccination', 'To be administered next week.'),
(54, 3, 'Canceled', '2025-06-25', 'Rash examination', 'Rash disappeared.'),
(55, 4, 'No-Show', '2025-06-15', 'Toothache consult', 'No response to calls.'),
(56, 5, 'Rescheduled', '2025-07-09', 'Broken bone follow-up', 'Rescheduled due to swelling.'),
(57, 6, 'Scheduled', '2025-07-14', 'New patient intake', 'First visit to clinic.'),
(58, 7, 'Completed', '2025-06-16', 'Sore throat diagnosis', 'Viral infection confirmed.'),
(59, 8, 'Scheduled', '2025-06-28', 'Heart murmur check', 'Further tests ordered.'),
(60, 9, 'Canceled', '2025-07-01', 'Nerve pain review', 'Patient improved with current medication.'),
(61, 10, 'No-Show', '2025-06-17', 'Cancer screening', 'Critical appointment missed.'),
(62, 11, 'Rescheduled', '2025-07-15', 'Blood pressure monitoring', 'Moved due to patient travel.'),
(63, 12, 'Scheduled', '2025-07-16', 'Digestive issues consult', 'Patient experiencing discomfort.'),
(64, 13, 'Completed', '2025-06-18', 'Joint pain assessment', 'Recommended physical therapy.'),
(65, 14, 'Scheduled', '2025-07-17', 'Kidney function review', 'Discussing latest lab results.'),
(66, 15, 'Canceled', '2025-07-02', 'Asthma management', 'Patient feeling well.'),
(67, 16, 'No-Show', '2025-06-19', 'Urinary tract infection', 'No response after multiple attempts.'),
(68, 17, 'Rescheduled', '2025-07-18', 'Therapy session', 'Patient requested a different time.'),
(69, 18, 'Scheduled', '2025-07-19', 'X-ray follow-up', 'Reviewing images.'),
(70, 19, 'Completed', '2025-06-20', 'Pre-op anesthetic consult', 'Approved for surgery.'),
(71, 20, 'Scheduled', '2025-07-20', 'Emergency room follow-up', 'Checking recovery.'),
(72, 21, 'Canceled', '2025-07-03', 'Hernia repair consult', 'Opted for non-surgical treatment.'),
(73, 22, 'No-Show', '2025-06-21', 'Routine check-up', 'Patient unreachable.'),
(74, 23, 'Rescheduled', '2025-07-21', 'Infectious disease consult', 'Postponed due to lab results delay.'),
(75, 24, 'Scheduled', '2025-07-22', 'Allergy patch test', 'Patient needs to prepare.'),
(76, 25, 'Completed', '2025-06-22', 'Geriatric fall risk assessment', 'Recommendations provided.'),
(77, 26, 'Scheduled', '2025-07-23', 'Blood disorder review', 'Discussing treatment options.'),
(78, 27, 'Canceled', '2025-07-04', 'Foot pain evaluation', 'Pain subsided.'),
(79, 28, 'No-Show', '2025-06-23', 'Sports injury consult', 'No contact.'),
(80, 29, 'Rescheduled', '2025-07-24', 'Rehab session', 'Moved to different day.'),
(81, 30, 'Scheduled', '2025-07-25', 'Chronic pain management', 'Discussing alternative therapies.'),
(82, 31, 'Completed', '2025-06-24', 'Sleep apnea follow-up', 'CPAP usage review.'),
(83, 32, 'Scheduled', '2025-07-26', 'Autopsy report review', 'Family consultation.'),
(84, 33, 'Canceled', '2025-07-05', 'Genetic counseling', 'Patient no longer interested.'),
(85, 34, 'No-Show', '2025-06-25', 'Thyroid scan', 'Missed appointment.'),
(86, 35, 'Rescheduled', '2025-07-27', 'Preventive health check', 'Patient requested later date.'),
(87, 36, 'Scheduled', '2025-07-28', 'Pilot medical exam', 'Required certification.'),
(88, 37, 'Completed', '2025-06-26', 'Occupational injury consult', 'Workplace assessment needed.'),
(89, 38, 'Scheduled', '2025-07-29', 'Public health seminar', 'Community outreach.'),
(90, 39, 'Canceled', '2025-07-06', 'Addiction counseling', 'Patient entered inpatient program.'),
(91, 40, 'No-Show', '2025-06-27', 'Palliative care discussion', 'Family unresponsive.'),
(92, 41, 'Rescheduled', '2025-07-30', 'Toxicology screen', 'Moved due to lab availability.'),
(93, 42, 'Scheduled', '2025-07-31', 'Diving medical review', 'For new certification.'),
(94, 43, 'Completed', '2025-06-28', 'IT system check-up', 'System running smoothly.'),
(95, 44, 'Scheduled', '2025-08-01', 'Dermatology biopsy results', 'Discussing findings.'),
(96, 45, 'Canceled', '2025-07-07', 'Cytology review', 'Results sent by mail.'),
(97, 46, 'No-Show', '2025-06-29', 'Neuropathology consult', 'No contact made.'),
(98, 47, 'Rescheduled', '2025-08-02', 'Pediatric cough assessment', 'Child feeling better.'),
(1, 48, 'Scheduled', '2025-08-03', 'Adolescent health check', 'Routine annual visit.'),
(2, 49, 'Completed', '2025-06-30', 'Emergency visit follow-up', 'Patient recovering well.'),
(3, 50, 'Scheduled', '2025-08-04', 'Fertility consultation', 'Initial assessment.'),
(4, 51, 'Canceled', '2025-07-08', 'Hormone therapy review', 'Patient discontinued treatment.');


-----medical records 

INSERT INTO Medical_Records (patient_id, Doctor_id, Appointment_id, Diagnosis_, Diagnosis_description, Treatment_, prescription, Notes, Record_date) VALUES
(1, 1, 1, 'Routine Check-up', 'Annual health assessment.', 'Physical examination, blood tests.', NULL, 'Patient in good health. Advised lifestyle maintenance.', '2025-06-15 10:00:00'),
(2, 2, 2, 'Viral Infection', 'Common cold with mild fever and cough.', 'Rest, fluids, symptomatic care.', 'Cough syrup', 'Symptoms expected to subside within 5 days.', '2025-06-01 11:30:00'),
(3, 1, 3, 'Tension Headache', 'Episodic headaches due to stress.', 'Pain relievers, stress management techniques.', 'Ibuprofen', 'Advised relaxation exercises. Appointment cancelled by patient later.', '2025-06-10 09:00:00'),
(4, 3, 4, 'Hypertension', 'Follow-up for chronic high blood pressure.', 'Medication adjustment, diet review.', 'Lisinopril 10mg', 'Patient reported consistent home readings. No-show.', '2025-06-05 14:00:00'),
(5, 4, 5, 'Dental Caries', 'Cavity in molar, requiring filling.', 'Dental filling procedure.', 'Fluoride rinse', 'Patient scheduled for future filling. Appointment rescheduled.', '2025-06-20 10:30:00'),
(6, 6, 6, 'Minor Injury', 'Small contusion on leg.', 'Rest and ice application.', NULL, 'Patient advised to monitor swelling.', '2025-06-22 09:30:00'),
(7, 7, 7, 'Immunization', 'Routine childhood vaccination.', 'Vaccine administration (MMR).', NULL, 'No immediate adverse reactions observed.', '2025-05-28 15:00:00'),
(8, 8, 8, 'Annual Physical', 'Comprehensive health screening.', 'Blood work, physical exam.', NULL, 'Routine follow-up for preventive care.', '2025-07-01 09:45:00'),
(9, 9, 9, 'Tooth Extraction', 'Extraction of impacted wisdom tooth.', 'Surgical procedure, pain medication.', 'Amoxicillin, Ibuprofen', 'Post-op care instructions provided.', '2025-06-03 15:00:00'),
(10, 10, 10, 'Allergic Rash', 'Skin rash due to contact allergen.', 'Topical corticosteroids, allergen avoidance.', 'Hydrocortisone cream', 'Patient showed improvement after applying cream.', '2025-06-18 10:00:00'),
(11, 11, 11, 'Post-illness Check', 'Follow-up after viral fever.', 'Lung auscultation, general assessment.', NULL, 'Patient recovering well, no complications.', '2025-06-25 13:15:00'),
(12, 12, 12, 'Diabetes Review', 'Management of stable Type 2 Diabetes.', 'Medication review, diet counseling.', 'Metformin 850mg', 'Patient engaged in self-monitoring. No-show for latest appointment.', '2025-06-07 10:00:00'),
(13, 13, 13, 'Root Canal', 'Procedure to treat infected tooth pulp.', 'Endodontic treatment.', 'Amoxicillin, Painkillers', 'Patient scheduled for crown placement. Appointment rescheduled.', '2025-07-05 11:00:00'),
(14, 14, 14, 'Allergy Testing', 'Skin prick test for common allergens.', 'Allergen identification.', NULL, 'Identified dust mites and cat dander allergies.', '2025-07-10 09:00:00'),
(15, 15, 15, 'Prescription Refill', 'Routine refill for chronic medication.', 'Medication dispensed.', 'Levothyroxine 75mcg', 'Patient advised on consistent medication use.', '2025-05-30 14:00:00'),
(16, 16, 16, 'Annual Physical', 'Comprehensive health screening.', 'Blood work, physical exam.', NULL, 'Patient in good health. Advised lifestyle maintenance.', '2025-06-20 10:00:00'),
(17, 17, 17, 'Booster Shot', 'Routine vaccine booster administration.', 'Vaccine administered.', NULL, 'No immediate adverse reactions observed.', '2025-06-02 11:00:00'),
(18, 18, 18, 'Dental Emergency', 'Severe tooth pain, possible abscess.', 'Pain management, referral to endodontist.', 'Amoxicillin, Ibuprofen', 'Patient re-scheduled with another clinic.', '2025-06-11 14:00:00'),
(19, 19, 19, 'Orthopedic Consult', 'Consultation for knee pain.', 'Physical examination, X-ray referral.', NULL, 'Patient advised rest and ice. No-Show.', '2025-06-06 09:00:00'),
(20, 20, 20, 'Eye Exam', 'Routine eye examination.', 'Vision test, fundoscopy.', NULL, 'Patient noted slight vision changes. Appointment rescheduled.', '2025-06-28 10:30:00'),
(21, 21, 21, 'Pediatric Check-up', 'Routine check-up for a child with mild fever.', 'Physical examination, fever management advice.', NULL, 'Advised monitoring for changes. Child has mild fever.', '2025-06-23 09:30:00'),
(22, 22, 22, 'Prescription Renewal', 'Renewal of medication for chronic condition.', 'Medication dispensed.', 'Lisinopril 10mg', 'Patient reported stable condition.', '2025-06-03 16:00:00'),
(23, 23, 23, 'Dermatology Follow-up', 'Follow-up on skin condition.', 'Skin examination, topical cream adjustment.', 'Hydrocortisone cream', 'Patient showed good progress.', '2025-07-02 11:00:00'),
(24, 24, 24, 'Surgical Consultation', 'Consultation for potential appendectomy.', 'Discussion of procedure, pre-op instructions.', NULL, 'Patient decided to proceed with surgery.', '2025-06-04 15:00:00'),
(25, 25, 25, 'Cardiology Appointment', 'Routine check for heart condition.', 'ECG, medication review.', 'Metoprolol 25mg', 'Patient condition stable. Appointment cancelled by patient.', '2025-06-19 10:00:00'),
(26, 26, 26, 'Physical Therapy', 'First session post-injury for knee.', 'Assessment, initial exercises.', NULL, 'Patient tolerating exercises well.', '2025-06-26 14:00:00'),
(27, 27, 27, 'ENT Specialist Visit', 'Consultation for chronic ear pain.', 'Ear examination, recommended ear drops.', 'Ofloxacin ear drops', 'Patient did not show up.', '2025-06-08 10:00:00'),
(28, 28, 28, 'Ultrasound Scan', 'Abdominal ultrasound for digestive issues.', 'Imaging performed.', NULL, 'Results sent to referring doctor. Appointment rescheduled.', '2025-07-06 09:00:00'),
(29, 29, 29, 'Dietary Consultation', 'Initial consultation for weight management.', 'Dietary assessment, meal plan discussion.', NULL, 'Patient committed to lifestyle changes.', '2025-07-11 10:00:00'),
(30, 30, 30, 'Chiropractic Adjustment', 'Follow-up for back pain.', 'Spinal adjustment.', NULL, 'Patient reported significant pain reduction.', '2025-06-05 11:00:00'),
(31, 31, 31, 'Chronic Pain Review', 'Review of chronic lower back pain management.', 'Medication review, referral to pain clinic.', 'Gabapentin 100mg', 'Patient looking for alternative therapies.', '2025-06-17 09:00:00'),
(32, 32, 32, 'Flu Vaccination', 'Annual flu shot administration.', 'Vaccine given.', NULL, 'No adverse reactions noted.', '2025-06-07 14:00:00'),
(33, 33, 33, 'Allergy Consult', 'Consultation for severe seasonal allergies.', 'Discussion of symptoms, potential treatments.', NULL, 'Patient rescheduled for next month.', '2025-06-13 10:00:00'),
(34, 34, 34, 'Migraine Management', 'Follow-up for chronic migraine treatment.', 'Medication adjustment, lifestyle advice.', 'Topiramate 50mg', 'No contact from patient for this no-show.', '2025-06-09 11:00:00'),
(35, 35, 35, 'Podiatry Check-up', 'Routine check-up for foot pain.', 'Foot examination, orthotic recommendation.', NULL, 'Patient considering custom orthotics. Appointment rescheduled.', '2025-07-03 15:00:00'),
(36, 36, 36, 'Sleep Study Consult', 'Consultation to discuss sleep study results.', 'Diagnosis of mild sleep apnea, CPAP discussion.', NULL, 'Patient to consider CPAP therapy.', '2025-06-24 10:30:00'),
(37, 37, 37, 'Travel Vaccination', 'Vaccinations required for international travel.', 'Vaccines administered (Typhoid, Hepatitis A).', NULL, 'Patient received vaccination certificate.', '2025-06-08 12:00:00'),
(38, 38, 38, 'Thyroid Re-eval', 'Re-evaluation of thyroid function.', 'Blood tests ordered, medication adjustment.', 'Levothyroxine 100mcg', 'Patient needs to fast for tests.', '2025-07-04 14:00:00'),
(39, 39, 39, 'Speech Therapy', 'Session for post-stroke speech rehabilitation.', 'Articulation exercises, fluency practice.', NULL, 'Patient showing good progress in therapy.', '2025-06-09 10:00:00'),
(40, 40, 40, 'Dietician Review', 'Review of dietary plan for diabetes.', 'Meal plan adjustments, nutritional advice.', NULL, 'Patient went on vacation, cancelled appointment.', '2025-06-14 16:00:00'),
(41, 41, 41, 'Physiotherapy', 'First session for knee rehabilitation.', 'Range of motion exercises, strengthening.', NULL, 'Patient tolerating exercises well.', '2025-06-27 10:00:00'),
(42, 42, 42, 'Mental Health Follow-up', 'Follow-up for anxiety and depression.', 'Medication review, counseling.', 'Sertraline 50mg', 'Emergency contact unreachable for no-show.', '2025-06-10 11:00:00'),
(43, 43, 43, 'Diabetes Education', 'Group class for new diabetic patients.', 'Information on diet, exercise, medication.', NULL, 'Patient engaged in learning. Class rescheduled.', '2025-07-07 09:00:00'),
(44, 44, 44, 'Hearing Test', 'Audiometry and ear examination.', 'Hearing aid recommendation.', NULL, 'Patient has mild hearing loss.', '2025-07-12 15:00:00'),
(45, 45, 45, 'Blood Test Review', 'Review of recent blood test results.', 'Interpretation of lab values, follow-up advice.', NULL, 'Results were within normal limits.', '2025-06-11 14:00:00'),
(46, 46, 46, 'Dental Cleaning', 'Routine dental hygiene appointment.', 'Scaling and polishing.', 'Fluoride varnish', 'Patient advised on proper flossing technique.', '2025-06-19 10:00:00'),
(47, 47, 47, 'Post-Op Checkup', 'Follow-up after minor surgery.', 'Wound inspection, suture removal.', NULL, 'Wound healing well, no signs of infection.', '2025-06-12 11:00:00'),
(48, 48, 48, 'Nutritionist Appt', 'Initial consultation with nutritionist.', 'Dietary assessment, personalized meal plan.', NULL, 'Patient cancelled due to feeling better.', '2025-06-20 13:00:00'),
(49, 49, 49, 'Annual Eye Exam', 'Comprehensive eye examination.', 'Vision test, glaucoma screening.', NULL, 'Patient forgot the appointment.', '2025-06-13 14:00:00'),
(50, 50, 50, 'Immunology Consult', 'Consultation for autoimmune condition.', 'Review of symptoms, medication adjustment.', 'Prednisone 5mg', 'Patient rescheduled due to doctor conflict.', '2025-07-08 09:00:00'),
(51, 51, 51, 'Geriatric Assessment', 'Comprehensive health assessment for elderly.', 'Cognitive screening, fall risk assessment.', NULL, 'Family present for discussion.', '2025-07-13 11:00:00'),
(52, 1, 52, 'Ear Infection', 'Acute otitis media diagnosis.', 'Antibiotics, pain relief.', 'Amoxicillin 250mg', 'Symptoms improving with medication.', '2025-06-14 09:30:00'),
(53, 2, 53, 'Pediatric Vaccine', 'Routine vaccination for young child.', 'Vaccine administration.', NULL, 'Child tolerated injection well.', '2025-06-21 10:00:00'),
(54, 3, 54, 'Rash Examination', 'Examination of sudden skin rash.', 'Visual inspection, topical cream.', 'Hydrocortisone cream', 'Rash disappeared before appointment.', '2025-06-25 15:00:00'),
(55, 4, 55, 'Toothache Consult', 'Consultation for severe toothache.', 'Dental examination, pain relief.', 'Ibuprofen', 'No response to calls for no-show.', '2025-06-15 12:00:00'),
(56, 5, 56, 'Bone Fracture', 'Follow-up for healing bone fracture.', 'X-ray review, cast removal.', NULL, 'Bone showed good union. Rescheduled due to swelling.', '2025-07-09 10:00:00'),
(57, 6, 57, 'New Patient Intake', 'Initial comprehensive visit for new patient.', 'Medical history, physical exam.', NULL, 'Patient established care with clinic.', '2025-07-14 09:00:00'),
(58, 7, 58, 'Sore Throat', 'Diagnosis of viral pharyngitis.', 'Symptomatic treatment, gargles.', 'Lozenges', 'Viral, no antibiotics needed.', '2025-06-16 14:00:00'),
(59, 8, 59, 'Heart Murmur Check', 'Evaluation of newly detected heart murmur.', 'Echocardiogram referral.', NULL, 'Further cardiac investigation needed.', '2025-06-28 11:00:00'),
(60, 9, 60, 'Nerve Pain Review', 'Review of chronic neuropathic pain management.', 'Medication adjustment, nerve blocks.', 'Gabapentin 300mg', 'Patient reported reduced pain intensity.', '2025-07-01 10:00:00'),
(61, 10, 61, 'Cancer Screening', 'Routine colonoscopy.', 'Colonoscopy procedure.', NULL, 'Polyp removed, sent for biopsy. Critical appointment missed.', '2025-06-17 09:00:00'),
(62, 11, 62, 'BP Monitoring', 'Annual blood pressure medication review.', 'Medication adjustment.', 'Amlodipine 5mg', 'BP well controlled. Rescheduled due to patient travel.', '2025-07-15 14:00:00'),
(63, 12, 63, 'Digestive Issues', 'Consultation for irritable bowel syndrome (IBS).', 'Dietary changes, antispasmodics.', 'Dicyclomine 20mg', 'Patient advised FODMAP diet.', '2025-07-16 10:00:00'),
(64, 13, 64, 'Joint Pain', 'Assessment of chronic knee pain.', 'NSAIDs, intra-articular injections.', 'Cortisone injection', 'Pain relief noted.', '2025-06-18 11:00:00'),
(65, 14, 65, 'Kidney Function', 'Review of kidney function tests.', 'Dietary advice, medication adjustment.', NULL, 'Discussing latest lab results.', '2025-07-17 12:00:00'),
(66, 15, 66, 'Asthma Management', 'Annual asthma control assessment.', 'Inhaler technique review, action plan.', 'Albuterol inhaler', 'Patient symptoms well controlled. Appointment cancelled.', '2025-07-02 09:30:00'),
(67, 16, 67, 'UTI Infection', 'Urinary tract infection, confirmed.', 'Antibiotics course.', 'Nitrofurantoin 100mg', 'No response after multiple attempts.', '2025-06-19 10:30:00'),
(68, 17, 68, 'Therapy Session', 'Follow-up therapy for adjustment disorder.', 'Cognitive restructuring exercises.', NULL, 'Patient showing improved coping skills. Patient requested a different time.', '2025-07-18 14:00:00'),
(69, 18, 69, 'X-ray Follow-up', 'Review after chest X-ray.', 'Further imaging (CT scan) recommended.', NULL, 'Patient referred to specialist.', '2025-07-19 09:00:00'),
(70, 19, 70, 'Pre-Op Consult', 'Assessment for upcoming surgery.', 'Airway assessment, medical history review.', NULL, 'Patient cleared for general anesthesia.', '2025-06-20 11:00:00'),
(71, 20, 71, 'ER Follow-up', 'Review after emergency room visit for fall.', 'Assessment of injuries, mobility.', NULL, 'Patient recovering well from minor contusions.', '2025-07-20 10:00:00'),
(72, 21, 72, 'Hernia Repair', 'Evaluation for inguinal hernia.', 'Surgical referral.', NULL, 'Patient opted for watchful waiting. Appointment cancelled.', '2025-07-03 14:00:00'),
(73, 22, 73, 'Routine Check-up', 'General health screening for new patient.', 'Basic physical, health advice.', NULL, 'Patient provided with health education materials. Patient unreachable.', '2025-06-21 09:00:00'),
(74, 23, 74, 'Infectious Disease', 'Consultation for persistent fever of unknown origin.', 'Further lab tests ordered.', NULL, 'Awaiting blood culture results. Appointment postponed.', '2025-07-21 11:00:00'),
(75, 24, 75, 'Allergy Patch Test', 'Skin prick test for common allergens.', 'Allergen identification.', NULL, 'Identified dust mites and cat dander allergies.', '2025-07-22 10:00:00'),
(76, 25, 76, 'Fall Risk Assess', 'Comprehensive evaluation for elderly patient.', 'Cognitive screening, mobility assessment.', NULL, 'Recommendations for home safety.', '2025-06-22 13:00:00'),
(77, 26, 77, 'Blood Disorder', 'Investigation of persistent fatigue and low hemoglobin.', 'Iron supplements, dietary counseling.', 'Ferrous sulfate 325mg', 'Patient advised iron-rich foods.', '2025-07-23 09:00:00'),
(78, 27, 78, 'Foot Pain', 'Diagnosis of plantar fasciitis.', 'Stretching exercises, orthotics.', NULL, 'Patient seeking alternative treatments. Pain subsided.', '2025-07-04 10:00:00'),
(79, 28, 79, 'Sports Injury', 'Evaluation of shoulder sprain.', 'R.I.C.E., physical therapy referral.', NULL, 'Patient to follow up with PT. No contact.', '2025-06-23 14:00:00'),
(80, 29, 80, 'Rehab Session', 'Development of post-stroke rehabilitation plan.', 'Occupational and physical therapy.', NULL, 'Patient showing good progress in therapy. Appointment moved.', '2025-07-24 11:00:00'),
(81, 30, 81, 'Chronic Pain', 'Ongoing management of fibromyalgia.', 'Medication adjustment, alternative therapies.', 'Pregabalin 75mg', 'Patient exploring acupuncture.', '2025-07-25 10:00:00'),
(82, 31, 82, 'Sleep Apnea', 'Review of CPAP compliance.', 'CPAP therapy.', NULL, 'Patient reports improved sleep quality.', '2025-06-24 15:00:00'),
(83, 32, 83, 'Autopsy Report', 'Discussion of autopsy report with family.', 'Interpretation of findings, bereavement support.', NULL, 'Family provided resources.', '2025-07-26 10:00:00'),
(84, 33, 84, 'Genetic Counsel', 'Consultation for family history of genetic condition.', 'Pedigree analysis, risk assessment.', NULL, 'Patient no longer interested.', '2025-07-05 11:00:00'),
(85, 34, 85, 'Thyroid Scan', 'Follow-up on thyroid nodule.', 'Ultrasound, fine needle aspiration.', NULL, 'Biopsy results benign. Missed appointment.', '2025-06-25 14:00:00'),
(86, 35, 86, 'Preventive Health', 'Annual health check and preventative screening.', 'Lifestyle counseling, vaccinations.', NULL, 'Patient actively engaged in health management. Patient requested later date.', '2025-07-27 09:00:00'),
(87, 36, 87, 'Pilot Medical Exam', 'Routine medical examination for pilots.', 'Eye exam, ECG, general health check.', NULL, 'Pilot cleared for flight duties.', '2025-07-28 10:00:00'),
(88, 37, 88, 'Occupational Injury', 'Assessment of work-related injury.', 'Treatment plan, return-to-work guidelines.', NULL, 'Patient progressing well.', '2025-06-26 11:00:00'),
(89, 38, 89, 'Public Health Talk', 'Participation in community health seminar.', 'Discussion on healthy living.', NULL, 'Engaged audience.', '2025-07-29 14:00:00'),
(90, 39, 90, 'Addiction Counsel', 'Counseling for substance abuse disorder.', 'Therapy sessions, support groups.', NULL, 'Patient entered inpatient program. Appointment cancelled.', '2025-07-06 10:00:00'),
(91, 40, 91, 'Palliative Care', 'Discussion of end-of-life care options.', 'Advance directives, comfort measures.', NULL, 'Family provided resources. Family unresponsive.', '2025-06-27 15:00:00'),
(92, 41, 92, 'Toxicology Screen', 'Routine drug toxicology screening.', 'Urine sample collection.', NULL, 'Results negative. Moved due to lab availability.', '2025-07-30 09:00:00'),
(93, 42, 93, 'Diving Medical', 'Evaluation for hyperbaric oxygen therapy.', 'Assessment for wound healing.', NULL, 'Patient eligible for treatment.', '2025-07-31 10:00:00'),
(94, 43, 94, 'Clinical Informatics', 'Consultation on EHR system optimization.', 'Workflow analysis, system customization.', NULL, 'Recommendations submitted to IT department.', '2025-06-28 11:00:00'),
(95, 44, 95, 'Dermatopatholgy', 'Review of skin biopsy results.', 'Pathology report interpretation.', NULL, 'Biopsy confirmed benign lesion.', '2025-08-01 14:00:00'),
(96, 45, 96, 'Cytopathology', 'Review of cervical smear results.', 'Report interpretation, follow-up recommendations.', NULL, 'Results normal, routine screening advised. Appointment cancelled.', '2025-07-07 10:00:00'),
(97, 46, 97, 'Neuropathology', 'Consultation for brain tissue biopsy results.', 'Microscopic findings, diagnosis.', NULL, 'Diagnosis of neurodegenerative disease. No contact made.', '2025-06-29 15:00:00'),
(98, 47, 98, 'Pediatric Pulmonology', 'Assessment of chronic pediatric cough.', 'Lung function tests, imaging review.', NULL, 'Referred for nebulizer treatment. Child feeling better.', '2025-08-02 09:00:00'),
(1, 48, 99, 'Adolescent Health', 'Routine annual check-up for adolescent.', 'Vaccination update, health education.', NULL, 'Patient growing well.', '2025-08-03 10:00:00'),
(2, 49, 100, 'Critical Care', 'Follow-up after ICU discharge.', 'Review of critical illness recovery.', NULL, 'Patient making good progress.', '2025-06-30 11:00:00'),
(3, 50, 101, 'Fertility Consult', 'Initial consultation for infertility.', 'Medical history, diagnostic testing plan.', NULL, 'Patient and partner educated on next steps.', '2025-08-04 14:00:00'),
(4, 51, 102, 'Endocrine Disorder', 'Management of polycystic ovary syndrome (PCOS).', 'Medication, lifestyle modifications.', 'Metformin 500mg BID', 'Patient opted for alternative treatment. Appointment cancelled.', '2025-07-08 10:00:00'),
(5, 1, NULL, 'Follow-up Check', 'General follow-up after minor ailment.', 'Brief examination, symptom check.', NULL, 'Patient fully recovered.', '2025-06-18 09:00:00'),
(6, 2, NULL, 'Wellness Visit', 'Annual wellness visit for adult.', 'Preventive screening recommendations.', NULL, 'Discussed importance of regular exercise.', '2025-06-25 10:00:00'),
(7, 3, NULL, 'Skin Irritation', 'Red, itchy patch on arm.', 'Topical anti-itch cream.', 'Calamine lotion', 'Advised to avoid scratching.', '2025-07-03 11:00:00'),
(8, 4, NULL, 'Foot Exam', 'Diabetic foot examination.', 'Nerve sensation test, visual inspection.', NULL, 'No immediate concerns, advised daily foot checks.', '2025-07-15 14:00:00'),
(9, 5, NULL, 'Muscle Strain', 'Minor strain in shoulder.', 'Rest, gentle stretching.', 'Heat pack', 'Symptoms expected to resolve in a few days.', '2025-07-22 13:00:00'),
(10, 6, NULL, 'Eye Dryness', 'Chronic dry eye syndrome.', 'Lubricating eye drops.', 'Artificial tears', 'Advised patient on proper eye drop application.', '2025-08-05 09:00:00'),
(11, 7, NULL, 'Hearing Loss', 'Gradual onset hearing loss.', 'Audiometry referral.', NULL, 'Patient referred to audiologist.', '2025-08-06 10:00:00'),
(12, 8, NULL, 'Chest Pain', 'Evaluation for non-cardiac chest pain.', 'ECG normal, advised stress management.', NULL, 'Patient experiencing anxiety-related symptoms.', '2025-08-07 11:00:00'),
(13, 9, NULL, 'Headache Clinic', 'Recurrent tension headaches.', 'Stress reduction, hydration.', NULL, 'Patient committed to lifestyle changes.', '2025-08-08 14:00:00'),
(14, 10, NULL, 'Nodule Biopsy', 'Results from skin nodule biopsy.', 'Pathology report reviewed.', NULL, 'Biopsy confirmed benign growth.', '2025-08-09 15:00:00'),
(15, 11, NULL, 'Thyroid Issues', 'Routine follow-up for stable thyroid condition.', 'Medication dose review.', 'Levothyroxine 50mcg', 'TSH levels stable.', '2025-08-10 10:00:00'),
(16, 12, NULL, 'Digestive Check', 'Follow-up for mild IBS symptoms.', 'Dietary advice, probiotic recommendation.', 'Probiotic supplement', 'Symptoms well controlled with diet.', '2025-08-11 09:00:00'),
(17, 13, NULL, 'Joint Swelling', 'Assessment of swollen finger joint.', 'X-ray referral.', NULL, 'Suspected minor sprain, no fracture.', '2025-08-12 11:00:00'),
(18, 14, NULL, 'Blood Pressure', 'Routine blood pressure check.', 'Readings normal, advised continued monitoring.', NULL, 'Patient maintaining healthy lifestyle.', '2025-08-13 14:00:00'),
(19, 15, NULL, 'Lung Health', 'Follow-up after mild bronchitis.', 'Symptom check, lung auscultation.', NULL, 'Patient recovering well.', '2025-08-14 10:00:00'),
(20, 16, NULL, 'Urology Consult', 'Consultation for urinary frequency.', 'Urinalysis, discussion of lifestyle.', NULL, 'Recommended reduced caffeine intake.', '2025-08-15 09:00:00');


-- Insert records into Medication table
INSERT INTO Medication (patient_id, Doctor_id, Appointment_id, Medication_DATE, Medication_name, Dosage, Duration, Instructions, Medication_status) VALUES
(2, 2, 2, '2025-06-01 12:00:00', 'Amoxicillin', '500mg', '7 days', 'Take orally every 8 hours with food.', 'Completed'),
(4, 3, 4, '2025-06-05 14:30:00', 'Sumatriptan', '50mg', 'PRN', 'Take at onset of migraine, may repeat after 2 hours if needed. Max 2 doses/day.', 'Active'),
(12, 12, 12, '2025-06-07 09:30:00', 'Metformin', '500mg', 'Ongoing', 'Take two times a day with meals.', 'Active'),
(8, 8, 8, '2025-06-03 11:30:00', 'Lisinopril', '10mg', 'Ongoing', 'Take once daily in the morning.', 'Active'),
(6, 2, 7, '2025-05-28 15:30:00', 'Dextromethorphan', '10ml', '5 days', 'Take every 4-6 hours for cough relief.', 'Completed'),
(1, 3, 6, '2025-06-22 16:30:00', 'Ibuprofen', '400mg', '3 days', 'Take every 6 hours as needed for pain.', 'Completed'),
(10, 10, 10, '2025-06-18 10:30:00', 'Hydrocortisone Cream', '1%', '7 days', 'Apply a thin layer to affected area twice daily.', 'Completed'),
(14, 14, 14, '2025-07-10 10:00:00', 'Loratadine', '10mg', 'Ongoing', 'Take once daily for allergy symptoms.', 'Active'),
(9, 9, 9, '2025-06-03 15:30:00', 'Fluoride Toothpaste', 'N/A', 'Ongoing', 'Brush teeth twice daily.', 'Active'),
(16, 16, 16, '2025-06-20 10:30:00', 'Ciprofloxacin', '250mg', '7 days', 'Take orally every 12 hours.', 'Active'),
(32, 32, 32, '2025-06-07 12:00:00', 'Oral Rehydration Salts', '1 packet', '2 days', 'Mix with water and drink after each loose stool.', 'Completed'),
(41, 41, 41, '2025-06-27 10:30:00', 'Sertraline', '50mg', 'Ongoing', 'Take once daily in the morning.', 'Active'),
(20, 20, 20, '2025-06-28 14:30:00', 'Tobramycin Eye Drops', '1 drop', '7 days', 'Apply to affected eye twice daily.', 'Completed'),
(35, 35, 35, '2025-07-03 09:30:00', 'Naproxen', '250mg', 'Ongoing', 'Take twice daily with food for joint pain.', 'Active'),
(21, 21, 21, '2025-06-23 11:30:00', 'Aloe Vera Gel', 'As needed', 'Until healed', 'Apply to burn area as needed.', 'Completed'),
(17, 17, 17, '2025-06-17 14:30:00', 'Fluoxetine', '20mg', 'Ongoing', 'Take once daily in the morning.', 'Active'),
(36, 36, 36, '2025-06-24 10:30:00', 'Pseudoephedrine', '30mg', '5 days', 'Take every 4-6 hours as needed for congestion.', 'Completed'),
(38, 38, 38, '2025-07-04 10:30:00', 'Amoxicillin', '500mg', '10 days', 'Take orally every 8 hours with food.', 'Active'),
(43, 43, 43, '2025-07-07 14:30:00', 'Zolpidem', '5mg', 'Short-term', 'Take at bedtime as needed for insomnia.', 'Completed'),
(25, 25, 25, '2025-06-19 11:30:00', 'Tretinoin Cream', '0.025%', 'Ongoing', 'Apply to affected areas once daily at night.', 'Active'),
(33, 33, 33, '2025-07-02 09:30:00', 'Levothyroxine', '50mcg', 'Ongoing', 'Take once daily in the morning, 30-60 mins before food.', 'Active'),
(37, 37, 37, '2025-06-08 17:30:00', 'Loperamide', '2mg', 'PRN', 'Take after first loose stool, then after each subsequent loose stool. Max 4 doses/day.', 'Completed'),
(45, 45, 45, '2025-07-05 10:30:00', 'Betamethasone Cream', '0.05%', '10 days', 'Apply thin layer to affected skin twice daily.', 'Completed'),
(18, 18, 18, '2025-06-13 09:30:00', 'Indomethacin', '50mg', '5 days', 'Take twice daily with food for gout flare.', 'Completed'),
(23, 23, 23, '2025-06-16 14:30:00', 'Amoxicillin', '250mg', '10 days', 'Take orally every 8 hours.', 'Completed'),
(56, 5, 56, '2025-07-09 11:30:00', 'Cyclobenzaprine', '10mg', '7 days', 'Take at bedtime for muscle spasm.', 'Active'),
(42, 42, 42, '2025-06-27 09:30:00', 'Meclizine', '25mg', '5 days', 'Take twice daily as needed for dizziness.', 'Completed'),
(48, 48, 48, '2025-06-28 10:30:00', 'Acetaminophen', '500mg', 'PRN', 'Take every 4-6 hours as needed for headache. Max 4 doses/day.', 'Completed'),
(65, 14, 65, '2025-07-17 13:30:00', 'Hydrochlorothiazide', '25mg', 'Ongoing', 'Take once daily in the morning.', 'Active'),
(52, 1, 53, '2025-06-14 10:00:00', 'Eardrops', '3 drops', '7 days', 'Apply to affected ear twice daily.', 'Completed'),
(75, 24, 75, '2025-07-22 10:30:00', 'Cetirizine', '10mg', 'Ongoing', 'Take once daily for allergy symptoms.', 'Active'),
(58, 7, 58, '2025-06-16 11:00:00', 'Amoxicillin', '250mg', '10 days', 'Take orally every 8 hours.', 'Completed'),
(63, 12, 63, '2025-07-16 12:15:00', 'Omeprazole', '20mg', 'Ongoing', 'Take once daily 30 minutes before breakfast.', 'Active'),
(73, 18, 73, '2025-06-03 15:30:00', 'Ibuprofen', '200mg', 'PRN', 'Take every 4-6 hours as needed for headache.', 'Completed'),
(80, 29, 80, '2025-07-24 14:30:00', 'NSAID Topical Gel', 'As needed', 'Until pain subsides', 'Apply to affected foot twice daily.', 'Active'),
(81, 30, 81, '2025-07-25 10:30:00', 'Vitamin D', '2000 IU', 'Ongoing', 'Take once daily with food.', 'Active'),
(90, 21, 90, '2025-06-04 11:30:00', 'Antiseptic Cream', 'As needed', 'Until healed', 'Apply to cut twice daily.', 'Completed'), -- Changed NULL to 90
(82, 31, 82, '2025-06-24 13:30:00', 'Guaifenesin', '200mg', '7 days', 'Take every 4 hours for cough relief.', 'Completed'),
(98, 47, 98, '2025-07-01 09:30:00', 'Ramipril', '5mg', 'Ongoing', 'Take once daily in the morning.', 'Active'),
(95, 44, 95, '2025-08-01 10:30:00', 'Doxycycline', '100mg', '2 months', 'Take once daily.', 'Active'),
(96, 45, 96, '2025-07-07 15:00:00', 'Diphenhydramine', '25mg', 'PRN', 'Take every 6 hours as needed for itching.', 'Completed'),
(87, 4, 87, '2025-06-05 16:30:00', 'Acyclovir Cream', 'As needed', 'Until healed', 'Apply to cold sore 5 times daily.', 'Completed'),
(79, 29, 79, '2025-07-21 09:30:00', 'Cyclobenzaprine', '5mg', '7 days', 'Take at bedtime for muscle spasm.', 'Active'),
(93, 50, 93, '2025-08-04 11:30:00', 'Multivitamin', '1 tablet', 'Ongoing', 'Take once daily with food.', 'Active'),
(3, 1, 3, '2025-06-10 10:00:00', 'Paracetamol', '500mg', '3 days', 'Take every 6 hours as needed for headache.', 'Completed'),
(5, 4, 5, '2025-06-20 09:00:00', 'Amoxicillin-Clavulanate', '875mg', '10 days', 'Take twice daily with food.', 'Active'),
(7, 7, 7, '2025-05-28 11:00:00', 'Tetanus Vaccine', '0.5ml', 'Single Dose', 'Administered intramuscularly.', 'Completed'),
(11, 11, 11, '2025-06-25 10:00:00', 'Azithromycin', '250mg', '5 days', 'Take once daily.', 'Active'),
(13, 13, 13, '2025-07-05 14:00:00', 'Amoxicillin', '500mg', '7 days', 'Take every 8 hours.', 'Active'),
(15, 15, 15, '2025-05-30 16:00:00', 'Simvastatin', '20mg', 'Ongoing', 'Take once daily in the evening.', 'Completed'),
(19, 19, 19, '2025-06-06 09:00:00', 'Meloxicam', '15mg', '7 days', 'Take once daily with food.', 'Canceled'),
(22, 22, 22, '2025-06-03 10:00:00', 'Citalopram', '20mg', 'Ongoing', 'Take once daily in the morning.', 'Active'),
(24, 24, 24, '2025-06-04 14:00:00', 'Oxycodone', '5mg', 'PRN', 'Take every 4-6 hours as needed for severe pain.', 'Completed'),
(26, 26, 26, '2025-06-26 13:00:00', 'Hydrocodone-Acetaminophen', '5/325mg', '5 days', 'Take every 4-6 hours as needed for pain.', 'Active'),
(28, 28, 28, '2025-07-06 10:00:00', 'Gabapentin', '300mg', 'Ongoing', 'Take three times daily.', 'Active'),
(29, 29, 29, '2025-07-11 11:00:00', 'Vitamin B12', '1000mcg', 'Ongoing', 'Take once daily.', 'Active'),
(30, 30, 30, '2025-06-05 09:00:00', 'Muscle Relaxant Cream', 'As needed', 'Until pain subsides', 'Apply to affected area twice daily.', 'Completed'),
(31, 31, 31, '2025-06-17 15:00:00', 'Tramadol', '50mg', 'PRN', 'Take every 6 hours as needed for pain.', 'Active'),
(34, 34, 34, '2025-06-09 10:00:00', 'Topiramate', '25mg', 'Ongoing', 'Take once daily at bedtime.', 'Canceled'),
(39, 39, 39, '2025-06-09 16:00:00', 'Speech Therapy Exercises', 'N/A', 'Ongoing', 'Perform exercises daily as instructed.', 'Active'),
(40, 40, 40, '2025-06-14 11:00:00', 'Nutritional Supplements', 'Various', 'Ongoing', 'Follow personalized dietary plan.', 'Canceled'),
(44, 44, 44, '2025-07-12 10:00:00', 'Audiometry Test', 'N/A', 'Single Test', 'Follow instructions during the test.', 'Active'),
(46, 46, 46, '2025-06-19 14:00:00', 'Fluoride Treatment', 'N/A', 'Single Application', 'Administered during dental cleaning.', 'Completed'),
(47, 47, 47, '2025-06-12 11:00:00', 'Pain Reliever (Post-Op)', '5mg', '7 days', 'Take every 6 hours as needed for pain.', 'Completed'),
(49, 49, 49, '2025-06-13 10:00:00', 'Contact Lens Solution', 'N/A', 'Ongoing', 'Use daily for cleaning and storage.', 'Canceled'),
(50, 50, 50, '2025-07-08 15:00:00', 'Epinephrine Auto-Injector', '0.3mg', 'As needed', 'Carry at all times for severe allergic reactions.', 'Active'),
(51, 51, 51, '2025-07-13 09:00:00', 'Dementia Medication', '10mg', 'Ongoing', 'Take once daily in the morning.', 'Active'),
(53, 2, 53, '2025-06-21 10:00:00', 'MMR Vaccine', '0.5ml', 'Single Dose', 'Administered intramuscularly.', 'Active'),
(54, 3, 54, '2025-06-25 11:00:00', 'Topical Antifungal', '1%', '14 days', 'Apply twice daily to affected area.', 'Completed'),
(55, 4, 55, '2025-06-15 13:00:00', 'Antibiotic Mouthwash', '10ml', '7 days', 'Rinse twice daily after brushing.', 'Canceled'),
(57, 6, 57, '2025-07-14 10:00:00', 'Vitamin C', '500mg', 'Ongoing', 'Take once daily.', 'Active'),
(59, 8, 59, '2025-06-28 14:00:00', 'Aspirin', '81mg', 'Ongoing', 'Take once daily for cardiac health.', 'Active'),
(60, 9, 60, '2025-07-01 10:00:00', 'Pregabalin', '75mg', 'Ongoing', 'Take twice daily.', 'Completed'),
(61, 10, 61, '2025-06-17 11:00:00', 'Pain Management Plan', 'N/A', 'Ongoing', 'Follow prescribed exercises and mindfulness.', 'Canceled'),
(62, 11, 62, '2025-07-15 13:00:00', 'Blood Pressure Monitor', 'N/A', 'Ongoing', 'Monitor blood pressure daily at home.', 'Active'),
(64, 13, 64, '2025-06-18 10:00:00', 'Physical Therapy Exercises', 'N/A', 'Ongoing', 'Perform exercises three times a week.', 'Completed'),
(66, 15, 66, '2025-07-02 11:00:00', 'Inhaled Corticosteroid', '1 puff', 'Ongoing', 'Use daily for asthma control.', 'Completed'),
(67, 16, 67, '2025-06-19 14:00:00', 'Phenazopyridine', '200mg', '2 days', 'Take three times daily for UTI symptoms.', 'Canceled'),
(68, 17, 68, '2025-07-18 10:00:00', 'Cognitive Behavioral Therapy', 'N/A', 'Weekly sessions', 'Attend weekly therapy sessions.', 'Active'),
(69, 18, 69, '2025-07-19 11:00:00', 'X-ray Review', 'N/A', 'Single Review', 'Discuss findings with doctor.', 'Active'),
(70, 19, 70, '2025-06-20 15:00:00', 'Pre-operative Anesthetic Instructions', 'N/A', 'Single Use', 'Follow fasting and medication guidelines.', 'Completed'),
(71, 20, 71, '2025-07-20 09:00:00', 'Wound Dressing Kit', 'N/A', 'As needed', 'Change dressing daily.', 'Active'),
(72, 21, 72, '2025-07-03 10:00:00', 'Hernia Support Brace', 'N/A', 'Ongoing', 'Wear as directed for support.', 'Canceled'),
(74, 23, 74, '2025-07-21 14:00:00', 'Antibiotics (Broad-Spectrum)', '500mg', '14 days', 'Take twice daily.', 'Active'),
(76, 25, 76, '2025-06-22 10:00:00', 'Fall Prevention Exercises', 'N/A', 'Ongoing', 'Perform daily exercises as instructed.', 'Completed'),
(77, 26, 77, '2025-07-23 11:00:00', 'Iron Supplement', '65mg', 'Ongoing', 'Take once daily with Vitamin C.', 'Active'),
(78, 27, 78, '2025-07-04 09:00:00', 'Orthotics', 'N/A', 'Ongoing', 'Wear in shoes for foot support.', 'Canceled'),
(83, 32, 83, '2025-07-26 10:00:00', 'Counseling Session', 'N/A', 'Scheduled', 'Attend session as planned.', 'Active'),
(84, 33, 84, '2025-07-05 11:00:00', 'Genetic Counseling Materials', 'N/A', 'Review', 'Review provided information.', 'Canceled'),
(85, 34, 85, '2025-06-25 14:00:00', 'Thyroid Scan Preparation', 'N/A', 'Pre-test', 'Follow dietary restrictions.', 'Canceled'),
(86, 35, 86, '2025-07-27 09:00:00', 'Lifestyle Modification Plan', 'N/A', 'Ongoing', 'Adhere to exercise and diet plan.', 'Active'),
(88, 37, 88, '2025-06-26 10:00:00', 'Occupational Therapy Referral', 'N/A', 'Single Referral', 'Contact therapist for appointment.', 'Completed'),
(89, 38, 89, '2025-07-29 11:00:00', 'Public Health Guideline Handout', 'N/A', 'Informational', 'Review for community health best practices.', 'Active'),
(91, 40, 91, '2025-06-27 15:00:00', 'Palliative Care Referral', 'N/A', 'Single Referral', 'Family to contact hospice.', 'Canceled'),
(92, 41, 92, '2025-07-30 09:00:00', 'Toxicology Lab Order', 'N/A', 'Single Order', 'Complete blood work as instructed.', 'Active'),
(94, 43, 94, '2025-06-28 10:00:00', 'Clinical Informatics Review', 'N/A', 'Single Review', 'Feedback provided to IT team.', 'Completed'),
(97, 46, 97, '2025-06-29 14:00:00', 'Neurology Consultation', 'N/A', 'Single Consult', 'Scheduled follow-up.', 'Canceled');



------billing records


INSERT INTO Billing(Appointment_id, Total_Ammount, patient_paid, Billing_DATE, payment_status, payment_date) VALUES
(1, 75.00, 75.00, '2025-06-15', 'Paid', '2025-06-15'),
(2, 120.50, 120.50, '2025-06-01', 'Paid', '2025-06-01'),
(3, 50.00, 0.00, '2025-06-10', 'Canceled', '2025-06-10'), 
(4, 85.00, 0.00, '2025-06-05', 'Overdue', '2025-06-05'),
(5, 150.00, 75.00, '2025-06-20', 'Partial', '2025-06-20'),
(6, 90.00, 0.00, '2025-06-22', 'Pending', '2025-06-22'), 
(7, 45.00, 45.00, '2025-05-28', 'Paid', '2025-05-28'),
(8, 200.00, 0.00, '2025-07-01', 'Pending', '2025-07-01'), 
(9, 300.00, 300.00, '2025-06-03', 'Paid', '2025-06-03'),
(10, 60.00, 0.00, '2025-06-18', 'Canceled', '2025-06-18'), 
(11, 110.00, 50.00, '2025-06-25', 'Partial', '2025-06-25'),
(12, 130.00, 0.00, '2025-06-07', 'Overdue', '2025-06-07'), 
(13, 450.00, 200.00, '2025-07-05', 'Partial', '2025-07-05'),
(14, 95.00, 0.00, '2025-07-10', 'Pending', '2025-07-10'), 
(15, 35.00, 35.00, '2025-05-30', 'Paid', '2025-05-30'),
(16, 75.00, 75.00, '2025-06-20', 'Paid', '2025-06-20'),
(17, 120.00, 120.00, '2025-06-02', 'Paid', '2025-06-02'),
(18, 55.00, 0.00, '2025-06-11', 'Canceled', '2025-06-11'), 
(19, 90.00, 0.00, '2025-06-06', 'Overdue', '2025-06-06'), 
(20, 160.00, 80.00, '2025-06-28', 'Partial', '2025-06-28'),
(21, 100.00, 0.00, '2025-06-23', 'Pending', '2025-06-23'), 
(22, 50.00, 50.00, '2025-06-03', 'Paid', '2025-06-03'),
(23, 180.00, 0.00, '2025-07-02', 'Pending', '2025-07-02'),
(24, 250.00, 250.00, '2025-06-04', 'Paid', '2025-06-04'),
(25, 70.00, 0.00, '2025-06-19', 'Canceled', '2025-06-19'), 
(26, 115.00, 55.00, '2025-06-26', 'Partial', '2025-06-26'),
(27, 140.00, 0.00, '2025-06-08', 'Overdue', '2025-06-08'),
(28, 480.00, 250.00, '2025-07-06', 'Partial', '2025-07-06'),
(29, 105.00, 0.00, '2025-07-11', 'Pending', '2025-07-11'),
(30, 40.00, 40.00, '2025-06-05', 'Paid', '2025-06-05'),
(31, 80.00, 0.00, '2025-06-17', 'Pending', '2025-06-17'),
(32, 50.00, 50.00, '2025-06-07', 'Paid', '2025-06-07'),
(33, 65.00, 0.00, '2025-06-13', 'Canceled', '2025-06-13'),
(34, 95.00, 0.00, '2025-06-09', 'Overdue', '2025-06-09'), 
(35, 170.00, 85.00, '2025-07-03', 'Partial', '2025-07-03'),
(36, 110.00, 0.00, '2025-06-24', 'Pending', '2025-06-24'),
(37, 60.00, 60.00, '2025-06-08', 'Paid', '2025-06-08'),
(38, 220.00, 0.00, '2025-07-04', 'Pending', '2025-07-04'),
(39, 280.00, 280.00, '2025-06-09', 'Paid', '2025-06-09'),
(40, 75.00, 0.00, '2025-06-14', 'Canceled', '2025-06-14'), 
(41, 125.00, 60.00, '2025-06-27', 'Partial', '2025-06-27'),
(42, 150.00, 0.00, '2025-06-10', 'Overdue', '2025-06-10'),
(43, 500.00, 300.00, '2025-07-07', 'Partial', '2025-07-07'),
(44, 115.00, 0.00, '2025-07-12', 'Pending', '2025-07-12'), 
(45, 45.00, 45.00, '2025-06-11', 'Paid', '2025-06-11'),
(46, 85.00, 0.00, '2025-06-19', 'Pending', '2025-06-19'),
(47, 55.00, 55.00, '2025-06-12', 'Paid', '2025-06-12'),
(48, 70.00, 0.00, '2025-06-20', 'Canceled', '2025-06-20'), 
(49, 100.00, 0.00, '2025-06-13', 'Overdue', '2025-06-13'), 
(50, 180.00, 90.00, '2025-07-08', 'Partial', '2025-07-08'),
(51, 130.00, 0.00, '2025-07-13', 'Pending', '2025-07-13'), 
(52, 65.00, 65.00, '2025-06-14', 'Paid', '2025-06-14'),
(53, 100.00, 0.00, '2025-06-21', 'Pending', '2025-06-21'), 
(54, 70.00, 0.00, '2025-06-25', 'Canceled', '2025-06-25'), 
(55, 110.00, 0.00, '2025-06-15', 'Overdue', '2025-06-15'), 
(56, 200.00, 100.00, '2025-07-09', 'Partial', '2025-07-09'),
(57, 140.00, 0.00, '2025-07-14', 'Pending', '2025-07-14'), 
(58, 60.00, 60.00, '2025-06-16', 'Paid', '2025-06-16'),
(59, 250.00, 0.00, '2025-06-28', 'Pending', '2025-06-28'), 
(60, 80.00, 0.00, '2025-07-01', 'Canceled', '2025-07-01'), 
(61, 120.00, 0.00, '2025-06-17', 'Overdue', '2025-06-17'), 
(62, 350.00, 150.00, '2025-07-15', 'Partial', '2025-07-15'),
(63, 160.00, 0.00, '2025-07-16', 'Pending', '2025-07-16'), 
(64, 70.00, 70.00, '2025-06-18', 'Paid', '2025-06-18'),
(65, 280.00, 0.00, '2025-07-17', 'Pending', '2025-07-17'), 
(66, 90.00, 0.00, '2025-07-02', 'Canceled', '2025-07-02'),
(67, 130.00, 0.00, '2025-06-19', 'Overdue', '2025-06-19'), 
(68, 400.00, 200.00, '2025-07-18', 'Partial', '2025-07-18'),
(69, 170.00, 0.00, '2025-07-19', 'Pending', '2025-07-19'), 
(70, 75.00, 75.00, '2025-06-20', 'Paid', '2025-06-20'),
(71, 300.00, 0.00, '2025-07-20', 'Pending', '2025-07-20'), 
(72, 100.00, 0.00, '2025-07-03', 'Canceled', '2025-07-03'), 
(73, 140.00, 0.00, '2025-06-21', 'Overdue', '2025-06-21'), 
(74, 450.00, 220.00, '2025-07-21', 'Partial', '2025-07-21'),
(75, 180.00, 0.00, '2025-07-22', 'Pending', '2025-07-22'), 
(76, 80.00, 80.00, '2025-06-22', 'Paid', '2025-06-22'),
(77, 320.00, 0.00, '2025-07-23', 'Pending', '2025-07-23'),
(78, 110.00, 0.00, '2025-07-04', 'Canceled', '2025-07-04'), 
(79, 150.00, 0.00, '2025-06-23', 'Overdue', '2025-06-23'),
(80, 500.00, 250.00, '2025-07-24', 'Partial', '2025-07-24'),
(81, 190.00, 0.00, '2025-07-25', 'Pending', '2025-07-25'), 
(82, 85.00, 85.00, '2025-06-24', 'Paid', '2025-06-24'),
(83, 380.00, 0.00, '2025-07-26', 'Pending', '2025-07-26'), 
(84, 120.00, 0.00, '2025-07-05', 'Canceled', '2025-07-05'), 
(85, 160.00, 0.00, '2025-06-25', 'Overdue', '2025-06-25'), 
(86, 550.00, 280.00, '2025-07-27', 'Partial', '2025-07-27'),
(87, 200.00, 0.00, '2025-07-28', 'Pending', '2025-07-28'), 
(88, 90.00, 90.00, '2025-06-26', 'Paid', '2025-06-26'),
(89, 420.00, 0.00, '2025-07-29', 'Pending', '2025-07-29'), 
(90, 130.00, 0.00, '2025-07-06', 'Canceled', '2025-07-06'),
(91, 170.00, 0.00, '2025-06-27', 'Overdue', '2025-06-27'), 
(92, 600.00, 300.00, '2025-07-30', 'Partial', '2025-07-30'),
(93, 210.00, 0.00, '2025-07-31', 'Pending', '2025-07-31'),
(94, 95.00, 95.00, '2025-06-28', 'Paid', '2025-06-28'),
(95, 450.00, 0.00, '2025-08-01', 'Pending', '2025-08-01'),
(96, 140.00, 0.00, '2025-07-07', 'Canceled', '2025-07-07'),
(97, 180.00, 0.00, '2025-06-29', 'Overdue', '2025-06-29'), 
(98, 650.00, 320.00, '2025-08-02', 'Partial', '2025-08-02'),
(99, 220.00, 0.00, '2025-08-03', 'Pending', '2025-08-03'),
(100, 100.00, 100.00, '2025-06-30', 'Paid', '2025-06-30'),
(101, 500.00, 0.00, '2025-08-04', 'Pending', '2025-08-04'),
(102, 150.00, 0.00, '2025-07-08', 'Canceled', '2025-07-08');


